timestamp,device_id,device_name,latency_ms
2025-08-13 00:00:00,dev-1,ARCADYAN SPEEDHOMEWLAN,7.0
2025-08-13 00:00:00,dev-2,WNC DT-EXT03A-WNC,9.64
2025-08-13 00:00:00,dev-4,WNC DT-EXT01A-WNC (B),14.71
2025-08-13 01:00:00,dev-1,ARCADYAN SPEEDHOMEWLAN,7.66
2025-08-13 01:00:00,dev-2,WNC DT-EXT03A-WNC,12.17
2025-08-13 01:00:00,dev-4,WNC DT-EXT01A-WNC (B),17.4
2025-08-13 02:00:00,dev-1,ARCADYAN SPEEDHOMEWLAN,4.07
2025-08-13 02:00:00,dev-2,WNC DT-EXT03A-WNC,10.72
2025-08-13 02:00:00,dev-4,WNC DT-EXT01A-WNC (B),18.22
2025-08-13 03:00:00,dev-1,ARCADYAN SPEEDHOMEWLAN,6.11
2025-08-13 03:00:00,dev-2,WNC DT-EXT03A-WNC,10.45
2025-08-13 03:00:00,dev-4,WNC DT-EXT01A-WNC (B),19.58
2025-08-13 04:00:00,dev-1,ARCADYAN SPEEDHOMEWLAN,9.57
2025-08-13 04:00:00,dev-2,WNC DT-EXT03A-WNC,11.84
2025-08-13 04:00:00,dev-4,WNC DT-EXT01A-WNC (B),22.51
2025-08-13 05:00:00,dev-1,ARCADYAN SPEEDHOMEWLAN,10.35
2025-08-13 05:00:00,dev-2,WNC DT-EXT03A-WNC,6.32
2025-08-13 05:00:00,dev-4,WNC DT-EXT01A-WNC (B),23.51
2025-08-13 06:00:00,dev-1,ARCADYAN SPEEDHOMEWLAN,12.3
2025-08-13 06:00:00,dev-2,WNC DT-EXT03A-WNC,8.93
2025-08-13 06:00:00,dev-4,WNC DT-EXT01A-WNC (B),24.72
2025-08-13 07:00:00,dev-1,ARCADYAN SPEEDHOMEWLAN,12.49
2025-08-13 07:00:00,dev-2,WNC DT-EXT03A-WNC,11.48
2025-08-13 07:00:00,dev-4,WNC DT-EXT01A-WNC (B),25.0
2025-08-13 08:00:00,dev-1,ARCADYAN SPEEDHOMEWLAN,16.36
2025-08-13 08:00:00,dev-2,WNC DT-EXT03A-WNC,9.31
2025-08-13 08:00:00,dev-4,WNC DT-EXT01A-WNC (B),25.0
2025-08-13 11:00:00,dev-1,ARCADYAN SPEEDHOMEWLAN,18.73
2025-08-13 11:00:00,dev-2,WNC DT-EXT03A-WNC,17.29
2025-08-13 11:00:00,dev-4,WNC DT-EXT01A-WNC (B),22.19
2025-08-13 12:00:00,dev-1,ARCADYAN SPEEDHOMEWLAN,17.64
2025-08-13 12:00:00,dev-2,WNC DT-EXT03A-WNC,16.62
2025-08-13 12:00:00,dev-4,WNC DT-EXT01A-WNC (B),24.6
2025-08-13 13:00:00,dev-1,ARCADYAN SPEEDHOMEWLAN,15.14
2025-08-13 13:00:00,dev-2,WNC DT-EXT03A-WNC,20.0
2025-08-13 13:00:00,dev-4,WNC DT-EXT01A-WNC (B),23.31
2025-08-13 14:00:00,dev-1,ARCADYAN SPEEDHOMEWLAN,16.1
2025-08-13 14:00:00,dev-2,WNC DT-EXT03A-WNC,21.42
2025-08-13 14:00:00,dev-4,WNC DT-EXT01A-WNC (B),23.42
2025-08-13 15:00:00,dev-1,ARCADYAN SPEEDHOMEWLAN,12.91
2025-08-13 15:00:00,dev-2,WNC DT-EXT03A-WNC,20.88
2025-08-13 15:00:00,dev-4,WNC DT-EXT01A-WNC (B),22.03
2025-08-13 16:00:00,dev-1,ARCADYAN SPEEDHOMEWLAN,14.22
2025-08-13 16:00:00,dev-2,WNC DT-EXT03A-WNC,21.22
2025-08-13 16:00:00,dev-4,WNC DT-EXT01A-WNC (B),18.91
2025-08-13 17:00:00,dev-1,ARCADYAN SPEEDHOMEWLAN,11.23
2025-08-13 17:00:00,dev-2,WNC DT-EXT03A-WNC,21.19
2025-08-13 17:00:00,dev-4,WNC DT-EXT01A-WNC (B),16.29
2025-08-13 18:00:00,dev-1,ARCADYAN SPEEDHOMEWLAN,9.38
2025-08-13 18:00:00,dev-2,WNC DT-EXT03A-WNC,19.01
2025-08-13 18:00:00,dev-4,WNC DT-EXT01A-WNC (B),16.36
2025-08-13 21:00:00,dev-1,ARCADYAN SPEEDHOMEWLAN,5.27
2025-08-13 21:00:00,dev-2,WNC DT-EXT03A-WNC,17.4
2025-08-13 21:00:00,dev-4,WNC DT-EXT01A-WNC (B),14.76
2025-08-13 22:00:00,dev-1,ARCADYAN SPEEDHOMEWLAN,4.03
2025-08-13 22:00:00,dev-2,WNC DT-EXT03A-WNC,16.75
2025-08-13 22:00:00,dev-4,WNC DT-EXT01A-WNC (B),12.43
2025-08-13 23:00:00,dev-1,ARCADYAN SPEEDHOMEWLAN,3.69
2025-08-13 23:00:00,dev-2,WNC DT-EXT03A-WNC,12.03
2025-08-13 23:00:00,dev-4,WNC DT-EXT01A-WNC (B),14.87
2025-08-14 00:00:00,dev-1,ARCADYAN SPEEDHOMEWLAN,4.98
2025-08-14 00:00:00,dev-2,WNC DT-EXT03A-WNC,11.86
2025-08-14 00:00:00,dev-4,WNC DT-EXT01A-WNC (B),15.45
2025-08-14 01:00:00,dev-1,ARCADYAN SPEEDHOMEWLAN,5.09
2025-08-14 01:00:00,dev-2,WNC DT-EXT03A-WNC,12.86
2025-08-14 01:00:00,dev-4,WNC DT-EXT01A-WNC (B),14.08
2025-08-14 02:00:00,dev-1,ARCADYAN SPEEDHOMEWLAN,5.89
2025-08-14 02:00:00,dev-2,WNC DT-EXT03A-WNC,8.36
2025-08-14 02:00:00,dev-4,WNC DT-EXT01A-WNC (B),18.29
2025-08-14 03:00:00,dev-1,ARCADYAN SPEEDHOMEWLAN,6.98
2025-08-14 03:00:00,dev-2,WNC DT-EXT03A-WNC,7.41
2025-08-14 03:00:00,dev-4,WNC DT-EXT01A-WNC (B),19.34
2025-08-14 04:00:00,dev-1,ARCADYAN SPEEDHOMEWLAN,10.84
2025-08-14 04:00:00,dev-2,WNC DT-EXT03A-WNC,8.5
2025-08-14 04:00:00,dev-4,WNC DT-EXT01A-WNC (B),19.95
2025-08-14 05:00:00,dev-1,ARCADYAN SPEEDHOMEWLAN,8.47
2025-08-14 05:00:00,dev-2,WNC DT-EXT03A-WNC,9.41
2025-08-14 05:00:00,dev-4,WNC DT-EXT01A-WNC (B),20.08
2025-08-14 06:00:00,dev-2,WNC DT-EXT03A-WNC,8.52
2025-08-14 06:00:00,dev-4,WNC DT-EXT01A-WNC (B),21.2
2025-08-14 09:00:00,dev-1,ARCADYAN SPEEDHOMEWLAN,16.0
2025-08-14 09:00:00,dev-2,WNC DT-EXT03A-WNC,12.85
2025-08-14 09:00:00,dev-4,WNC DT-EXT01A-WNC (B),23.01
2025-08-14 10:00:00,dev-1,ARCADYAN SPEEDHOMEWLAN,14.83
2025-08-14 10:00:00,dev-2,WNC DT-EXT03A-WNC,13.86
2025-08-14 10:00:00,dev-4,WNC DT-EXT01A-WNC (B),24.98
2025-08-14 11:00:00,dev-1,ARCADYAN SPEEDHOMEWLAN,14.05
2025-08-14 11:00:00,dev-2,WNC DT-EXT03A-WNC,18.01
2025-08-14 11:00:00,dev-4,WNC DT-EXT01A-WNC (B),21.95
2025-08-14 12:00:00,dev-1,ARCADYAN SPEEDHOMEWLAN,13.98
2025-08-14 12:00:00,dev-2,WNC DT-EXT03A-WNC,15.65
2025-08-14 12:00:00,dev-4,WNC DT-EXT01A-WNC (B),22.62
2025-08-14 13:00:00,dev-1,ARCADYAN SPEEDHOMEWLAN,15.7
2025-08-14 13:00:00,dev-2,WNC DT-EXT03A-WNC,14.22
2025-08-14 13:00:00,dev-4,WNC DT-EXT01A-WNC (B),21.89
2025-08-14 14:00:00,dev-1,ARCADYAN SPEEDHOMEWLAN,14.97
2025-08-14 14:00:00,dev-2,WNC DT-EXT03A-WNC,20.65
2025-08-14 14:00:00,dev-4,WNC DT-EXT01A-WNC (B),23.96
2025-08-14 15:00:00,dev-1,ARCADYAN SPEEDHOMEWLAN,13.48
2025-08-14 15:00:00,dev-2,WNC DT-EXT03A-WNC,18.24
2025-08-14 15:00:00,dev-4,WNC DT-EXT01A-WNC (B),16.65
2025-08-14 16:00:00,dev-1,ARCADYAN SPEEDHOMEWLAN,10.24
2025-08-14 16:00:00,dev-2,WNC DT-EXT03A-WNC,19.4
2025-08-14 16:00:00,dev-4,WNC DT-EXT01A-WNC (B),19.32
2025-08-14 17:00:00,dev-1,ARCADYAN SPEEDHOMEWLAN,10.02
2025-08-14 17:00:00,dev-2,WNC DT-EXT03A-WNC,21.1
2025-08-14 17:00:00,dev-4,WNC DT-EXT01A-WNC (B),15.8
2025-08-14 18:00:00,dev-1,ARCADYAN SPEEDHOMEWLAN,8.23
2025-08-14 18:00:00,dev-2,WNC DT-EXT03A-WNC,16.23
2025-08-14 18:00:00,dev-4,WNC DT-EXT01A-WNC (B),14.84
2025-08-14 19:00:00,dev-1,ARCADYAN SPEEDHOMEWLAN,6.83
2025-08-14 19:00:00,dev-2,WNC DT-EXT03A-WNC,15.88
2025-08-14 19:00:00,dev-4,WNC DT-EXT01A-WNC (B),13.3
2025-08-14 20:00:00,dev-1,ARCADYAN SPEEDHOMEWLAN,6.42
2025-08-14 20:00:00,dev-2,WNC DT-EXT03A-WNC,14.16
2025-08-14 20:00:00,dev-4,WNC DT-EXT01A-WNC (B),13.03
2025-08-14 21:00:00,dev-1,ARCADYAN SPEEDHOMEWLAN,4.32
2025-08-14 21:00:00,dev-2,WNC DT-EXT03A-WNC,13.94
2025-08-14 21:00:00,dev-4,WNC DT-EXT01A-WNC (B),11.76
2025-08-14 22:00:00,dev-1,ARCADYAN SPEEDHOMEWLAN,4.2
2025-08-14 22:00:00,dev-2,WNC DT-EXT03A-WNC,14.2
2025-08-14 22:00:00,dev-4,WNC DT-EXT01A-WNC (B),14.21
2025-08-14 23:00:00,dev-1,ARCADYAN SPEEDHOMEWLAN,2.87
2025-08-14 23:00:00,dev-2,WNC DT-EXT03A-WNC,12.69
2025-08-14 23:00:00,dev-4,WNC DT-EXT01A-WNC (B),11.79
2025-08-15 00:00:00,dev-1,ARCADYAN SPEEDHOMEWLAN,3.2
2025-08-15 00:00:00,dev-2,WNC DT-EXT03A-WNC,10.74
2025-08-15 00:00:00,dev-4,WNC DT-EXT01A-WNC (B),14.99
2025-08-15 01:00:00,dev-1,ARCADYAN SPEEDHOMEWLAN,4.11
2025-08-15 01:00:00,dev-2,WNC DT-EXT03A-WNC,6.8
2025-08-15 01:00:00,dev-4,WNC DT-EXT01A-WNC (B),13.46
2025-08-15 02:00:00,dev-1,ARCADYAN SPEEDHOMEWLAN,1.76
2025-08-15 02:00:00,dev-2,WNC DT-EXT03A-WNC,4.3
2025-08-15 02:00:00,dev-4,WNC DT-EXT01A-WNC (B),15.71
2025-08-15 03:00:00,dev-1,ARCADYAN SPEEDHOMEWLAN,4.56
2025-08-15 03:00:00,dev-2,WNC DT-EXT03A-WNC,7.02
2025-08-15 03:00:00,dev-4,WNC DT-EXT01A-WNC (B),15.71
2025-08-15 04:00:00,dev-1,ARCADYAN SPEEDHOMEWLAN,5.68
2025-08-15 04:00:00,dev-2,WNC DT-EXT03A-WNC,5.78
2025-08-15 04:00:00,dev-4,WNC DT-EXT01A-WNC (B),19.55
2025-08-15 05:00:00,dev-1,ARCADYAN SPEEDHOMEWLAN,6.93
2025-08-15 05:00:00,dev-2,WNC DT-EXT03A-WNC,7.14
2025-08-15 05:00:00,dev-4,WNC DT-EXT01A-WNC (B),22.53
2025-08-15 06:00:00,dev-1,ARCADYAN SPEEDHOMEWLAN,9.02
2025-08-15 06:00:00,dev-2,WNC DT-EXT03A-WNC,7.88
2025-08-15 06:00:00,dev-4,WNC DT-EXT01A-WNC (B),21.56
2025-08-15 07:00:00,dev-1,ARCADYAN SPEEDHOMEWLAN,13.16
2025-08-15 07:00:00,dev-2,WNC DT-EXT03A-WNC,7.78
2025-08-15 07:00:00,dev-4,WNC DT-EXT01A-WNC (B),22.45
2025-08-15 08:00:00,dev-1,ARCADYAN SPEEDHOMEWLAN,10.94
2025-08-15 08:00:00,dev-2,WNC DT-EXT03A-WNC,9.78
2025-08-15 08:00:00,dev-4,WNC DT-EXT01A-WNC (B),21.8
2025-08-15 09:00:00,dev-1,ARCADYAN SPEEDHOMEWLAN,14.76
2025-08-15 09:00:00,dev-2,WNC DT-EXT03A-WNC,10.3
2025-08-15 09:00:00,dev-4,WNC DT-EXT01A-WNC (B),23.47
2025-08-15 10:00:00,dev-1,ARCADYAN SPEEDHOMEWLAN,11.53
2025-08-15 10:00:00,dev-2,WNC DT-EXT03A-WNC,12.22
2025-08-15 10:00:00,dev-4,WNC DT-EXT01A-WNC (B),21.37
2025-08-15 11:00:00,dev-1,ARCADYAN SPEEDHOMEWLAN,13.92
2025-08-15 11:00:00,dev-2,WNC DT-EXT03A-WNC,11.88
2025-08-15 11:00:00,dev-4,WNC DT-EXT01A-WNC (B),21.94
2025-08-15 12:00:00,dev-1,ARCADYAN SPEEDHOMEWLAN,14.63
2025-08-15 12:00:00,dev-2,WNC DT-EXT03A-WNC,14.13
2025-08-15 12:00:00,dev-4,WNC DT-EXT01A-WNC (B),22.82
2025-08-15 13:00:00,dev-1,ARCADYAN SPEEDHOMEWLAN,14.83
2025-08-15 13:00:00,dev-2,WNC DT-EXT03A-WNC,15.99
2025-08-15 13:00:00,dev-4,WNC DT-EXT01A-WNC (B),23.32
2025-08-15 14:00:00,dev-1,ARCADYAN SPEEDHOMEWLAN,14.21
2025-08-15 14:00:00,dev-2,WNC DT-EXT03A-WNC,17.97
2025-08-15 14:00:00,dev-4,WNC DT-EXT01A-WNC (B),24.19
2025-08-15 15:00:00,dev-1,ARCADYAN SPEEDHOMEWLAN,13.21
2025-08-15 15:00:00,dev-2,WNC DT-EXT03A-WNC,16.87
2025-08-15 15:00:00,dev-4,WNC DT-EXT01A-WNC (B),17.59
2025-08-15 16:00:00,dev-1,ARCADYAN SPEEDHOMEWLAN,10.13
2025-08-15 16:00:00,dev-2,WNC DT-EXT03A-WNC,18.59
2025-08-15 16:00:00,dev-4,WNC DT-EXT01A-WNC (B),19.08
2025-08-15 17:00:00,dev-1,ARCADYAN SPEEDHOMEWLAN,8.45
2025-08-15 17:00:00,dev-2,WNC DT-EXT03A-WNC,17.34
2025-08-15 17:00:00,dev-4,WNC DT-EXT01A-WNC (B),15.83
2025-08-15 18:00:00,dev-1,ARCADYAN SPEEDHOMEWLAN,8.87
2025-08-15 18:00:00,dev-2,WNC DT-EXT03A-WNC,17.1
2025-08-15 18:00:00,dev-4,WNC DT-EXT01A-WNC (B),13.94
2025-08-15 19:00:00,dev-1,ARCADYAN SPEEDHOMEWLAN,5.81
2025-08-15 19:00:00,dev-2,WNC DT-EXT03A-WNC,17.69
2025-08-15 19:00:00,dev-4,WNC DT-EXT01A-WNC (B),13.78
2025-08-15 20:00:00,dev-1,ARCADYAN SPEEDHOMEWLAN,2.86
2025-08-15 20:00:00,dev-2,WNC DT-EXT03A-WNC,12.3
2025-08-15 20:00:00,dev-4,WNC DT-EXT01A-WNC (B),12.53
2025-08-15 21:00:00,dev-1,ARCADYAN SPEEDHOMEWLAN,2.01
2025-08-15 21:00:00,dev-2,WNC DT-EXT03A-WNC,11.95
2025-08-15 21:00:00,dev-4,WNC DT-EXT01A-WNC (B),12.3
2025-08-15 22:00:00,dev-1,ARCADYAN SPEEDHOMEWLAN,1.6
2025-08-15 22:00:00,dev-2,WNC DT-EXT03A-WNC,10.13
2025-08-15 22:00:00,dev-4,WNC DT-EXT01A-WNC (B),11.62
2025-08-15 23:00:00,dev-1,ARCADYAN SPEEDHOMEWLAN,3.37
2025-08-15 23:00:00,dev-2,WNC DT-EXT03A-WNC,7.27
2025-08-15 23:00:00,dev-4,WNC DT-EXT01A-WNC (B),10.65
2025-08-16 00:00:00,dev-1,ARCADYAN SPEEDHOMEWLAN,2.9
2025-08-16 00:00:00,dev-2,WNC DT-EXT03A-WNC,8.22
2025-08-16 00:00:00,dev-4,WNC DT-EXT01A-WNC (B),11.31
2025-08-16 01:00:00,dev-1,ARCADYAN SPEEDHOMEWLAN,4.18
2025-08-16 01:00:00,dev-2,WNC DT-EXT03A-WNC,9.0
2025-08-16 01:00:00,dev-4,WNC DT-EXT01A-WNC (B),15.8
2025-08-16 02:00:00,dev-1,ARCADYAN SPEEDHOMEWLAN,3.35
2025-08-16 02:00:00,dev-2,WNC DT-EXT03A-WNC,6.35
2025-08-16 02:00:00,dev-4,WNC DT-EXT01A-WNC (B),15.84
2025-08-16 03:00:00,dev-1,ARCADYAN SPEEDHOMEWLAN,5.39
2025-08-16 03:00:00,dev-2,WNC DT-EXT03A-WNC,6.3
2025-08-16 03:00:00,dev-4,WNC DT-EXT01A-WNC (B),16.94
2025-08-16 04:00:00,dev-1,ARCADYAN SPEEDHOMEWLAN,7.5
2025-08-16 04:00:00,dev-2,WNC DT-EXT03A-WNC,7.25
2025-08-16 04:00:00,dev-4,WNC DT-EXT01A-WNC (B),19.46
2025-08-16 05:00:00,dev-1,ARCADYAN SPEEDHOMEWLAN,7.66
2025-08-16 05:00:00,dev-2,WNC DT-EXT03A-WNC,7.63
2025-08-16 05:00:00,dev-4,WNC DT-EXT01A-WNC (B),22.19
2025-08-16 06:00:00,dev-1,ARCADYAN SPEEDHOMEWLAN,10.42
2025-08-16 06:00:00,dev-2,WNC DT-EXT03A-WNC,5.96
2025-08-16 06:00:00,dev-4,WNC DT-EXT01A-WNC (B),22.65
2025-08-16 07:00:00,dev-1,ARCADYAN SPEEDHOMEWLAN,10.29
2025-08-16 07:00:00,dev-2,WNC DT-EXT03A-WNC,8.9
2025-08-16 07:00:00,dev-4,WNC DT-EXT01A-WNC (B),22.51
2025-08-16 08:00:00,dev-1,ARCADYAN SPEEDHOMEWLAN,12.13
2025-08-16 08:00:00,dev-2,WNC DT-EXT03A-WNC,8.13
2025-08-16 08:00:00,dev-4,WNC DT-EXT01A-WNC (B),25.0
2025-08-16 09:00:00,dev-1,ARCADYAN SPEEDHOMEWLAN,13.23
2025-08-16 09:00:00,dev-2,WNC DT-EXT03A-WNC,8.11
2025-08-16 09:00:00,dev-4,WNC DT-EXT01A-WNC (B),25.0
2025-08-16 10:00:00,dev-1,ARCADYAN SPEEDHOMEWLAN,12.82
2025-08-16 10:00:00,dev-2,WNC DT-EXT03A-WNC,10.0
2025-08-16 10:00:00,dev-4,WNC DT-EXT01A-WNC (B),25.0
2025-08-16 11:00:00,dev-1,ARCADYAN SPEEDHOMEWLAN,15.77
2025-08-16 11:00:00,dev-2,WNC DT-EXT03A-WNC,10.25
2025-08-16 11:00:00,dev-4,WNC DT-EXT01A-WNC (B),25.0
2025-08-16 12:00:00,dev-1,ARCADYAN SPEEDHOMEWLAN,14.36
2025-08-16 12:00:00,dev-2,WNC DT-EXT03A-WNC,12.66
2025-08-16 12:00:00,dev-4,WNC DT-EXT01A-WNC (B),25.0
2025-08-16 13:00:00,dev-1,ARCADYAN SPEEDHOMEWLAN,14.71
2025-08-16 13:00:00,dev-2,WNC DT-EXT03A-WNC,14.82
2025-08-16 13:00:00,dev-4,WNC DT-EXT01A-WNC (B),24.11
2025-08-16 14:00:00,dev-1,ARCADYAN SPEEDHOMEWLAN,14.66
2025-08-16 14:00:00,dev-2,WNC DT-EXT03A-WNC,17.67
2025-08-16 14:00:00,dev-4,WNC DT-EXT01A-WNC (B),22.02
2025-08-16 15:00:00,dev-1,ARCADYAN SPEEDHOMEWLAN,13.54
2025-08-16 15:00:00,dev-2,WNC DT-EXT03A-WNC,19.83
2025-08-16 15:00:00,dev-4,WNC DT-EXT01A-WNC (B),20.54
2025-08-16 16:00:00,dev-1,ARCADYAN SPEEDHOMEWLAN,12.56
2025-08-16 16:00:00,dev-2,WNC DT-EXT03A-WNC,15.59
2025-08-16 16:00:00,dev-4,WNC DT-EXT01A-WNC (B),18.92
2025-08-16 17:00:00,dev-1,ARCADYAN SPEEDHOMEWLAN,9.95
2025-08-16 17:00:00,dev-2,WNC DT-EXT03A-WNC,18.25
2025-08-16 17:00:00,dev-4,WNC DT-EXT01A-WNC (B),15.07
2025-08-16 18:00:00,dev-1,ARCADYAN SPEEDHOMEWLAN,7.97
2025-08-16 18:00:00,dev-2,WNC DT-EXT03A-WNC,15.71
2025-08-16 18:00:00,dev-4,WNC DT-EXT01A-WNC (B),16.51
2025-08-16 19:00:00,dev-1,ARCADYAN SPEEDHOMEWLAN,7.04
2025-08-16 19:00:00,dev-2,WNC DT-EXT03A-WNC,17.21
2025-08-16 19:00:00,dev-4,WNC DT-EXT01A-WNC (B),12.44
2025-08-16 20:00:00,dev-1,ARCADYAN SPEEDHOMEWLAN,3.36
2025-08-16 20:00:00,dev-2,WNC DT-EXT03A-WNC,15.21
2025-08-16 20:00:00,dev-4,WNC DT-EXT01A-WNC (B),12.62
2025-08-16 21:00:00,dev-1,ARCADYAN SPEEDHOMEWLAN,2.7
2025-08-16 21:00:00,dev-2,WNC DT-EXT03A-WNC,11.33
2025-08-16 21:00:00,dev-4,WNC DT-EXT01A-WNC (B),15.5
2025-08-16 22:00:00,dev-1,ARCADYAN SPEEDHOMEWLAN,2.2
2025-08-16 22:00:00,dev-2,WNC DT-EXT03A-WNC,13.99
2025-08-16 22:00:00,dev-4,WNC DT-EXT01A-WNC (B),14.94
2025-08-16 23:00:00,dev-1,ARCADYAN SPEEDHOMEWLAN,2.38
2025-08-16 23:00:00,dev-2,WNC DT-EXT03A-WNC,10.17
2025-08-16 23:00:00,dev-4,WNC DT-EXT01A-WNC (B),16.45
2025-08-17 00:00:00,dev-1,ARCADYAN SPEEDHOMEWLAN,4.58
2025-08-17 00:00:00,dev-2,WNC DT-EXT03A-WNC,8.81
2025-08-17 00:00:00,dev-4,WNC DT-EXT01A-WNC (B),14.72
2025-08-17 01:00:00,dev-1,ARCADYAN SPEEDHOMEWLAN,3.13
2025-08-17 01:00:00,dev-2,WNC DT-EXT03A-WNC,6.71
2025-08-17 01:00:00,dev-4,WNC DT-EXT01A-WNC (B),14.62
2025-08-17 02:00:00,dev-1,ARCADYAN SPEEDHOMEWLAN,4.8
2025-08-17 02:00:00,dev-2,WNC DT-EXT03A-WNC,6.29
2025-08-17 02:00:00,dev-4,WNC DT-EXT01A-WNC (B),17.45
2025-08-17 03:00:00,dev-1,ARCADYAN SPEEDHOMEWLAN,8.52
2025-08-17 03:00:00,dev-2,WNC DT-EXT03A-WNC,7.21
2025-08-17 03:00:00,dev-4,WNC DT-EXT01A-WNC (B),19.56
2025-08-17 04:00:00,dev-1,ARCADYAN SPEEDHOMEWLAN,7.48
2025-08-17 04:00:00,dev-2,WNC DT-EXT03A-WNC,5.95
2025-08-17 04:00:00,dev-4,WNC DT-EXT01A-WNC (B),21.16
2025-08-17 05:00:00,dev-1,ARCADYAN SPEEDHOMEWLAN,10.72
2025-08-17 05:00:00,dev-2,WNC DT-EXT03A-WNC,6.81
2025-08-17 05:00:00,dev-4,WNC DT-EXT01A-WNC (B),24.31
2025-08-17 06:00:00,dev-1,ARCADYAN SPEEDHOMEWLAN,9.85
2025-08-17 06:00:00,dev-2,WNC DT-EXT03A-WNC,7.35
2025-08-17 06:00:00,dev-4,WNC DT-EXT01A-WNC (B),23.46
2025-08-17 07:00:00,dev-1,ARCADYAN SPEEDHOMEWLAN,12.52
2025-08-17 07:00:00,dev-2,WNC DT-EXT03A-WNC,9.65
2025-08-17 07:00:00,dev-4,WNC DT-EXT01A-WNC (B),25.0
2025-08-17 08:00:00,dev-1,ARCADYAN SPEEDHOMEWLAN,12.82
2025-08-17 08:00:00,dev-2,WNC DT-EXT03A-WNC,8.34
2025-08-17 08:00:00,dev-4,WNC DT-EXT01A-WNC (B),24.44
2025-08-17 09:00:00,dev-1,ARCADYAN SPEEDHOMEWLAN,14.9
2025-08-17 09:00:00,dev-2,WNC DT-EXT03A-WNC,8.07
2025-08-17 09:00:00,dev-4,WNC DT-EXT01A-WNC (B),25.0
2025-08-17 10:00:00,dev-1,ARCADYAN SPEEDHOMEWLAN,17.5
2025-08-17 10:00:00,dev-2,WNC DT-EXT03A-WNC,13.47
2025-08-17 10:00:00,dev-4,WNC DT-EXT01A-WNC (B),25.0
2025-08-17 11:00:00,dev-1,ARCADYAN SPEEDHOMEWLAN,14.09
2025-08-17 11:00:00,dev-2,WNC DT-EXT03A-WNC,13.0
2025-08-17 11:00:00,dev-4,WNC DT-EXT01A-WNC (B),24.82
2025-08-17 12:00:00,dev-1,ARCADYAN SPEEDHOMEWLAN,17.38
2025-08-17 12:00:00,dev-2,WNC DT-EXT03A-WNC,16.74
2025-08-17 12:00:00,dev-4,WNC DT-EXT01A-WNC (B),24.81
2025-08-17 13:00:00,dev-1,ARCADYAN SPEEDHOMEWLAN,16.72
2025-08-17 13:00:00,dev-2,WNC DT-EXT03A-WNC,17.06
2025-08-17 13:00:00,dev-4,WNC DT-EXT01A-WNC (B),23.8
2025-08-17 14:00:00,dev-1,ARCADYAN SPEEDHOMEWLAN,14.73
2025-08-17 14:00:00,dev-2,WNC DT-EXT03A-WNC,17.45
2025-08-17 14:00:00,dev-4,WNC DT-EXT01A-WNC (B),22.35
2025-08-17 15:00:00,dev-1,ARCADYAN SPEEDHOMEWLAN,12.4
2025-08-17 15:00:00,dev-2,WNC DT-EXT03A-WNC,19.0
2025-08-17 15:00:00,dev-4,WNC DT-EXT01A-WNC (B),23.94
2025-08-17 16:00:00,dev-1,ARCADYAN SPEEDHOMEWLAN,13.37
2025-08-17 16:00:00,dev-2,WNC DT-EXT03A-WNC,21.86
2025-08-17 16:00:00,dev-4,WNC DT-EXT01A-WNC (B),19.63
2025-08-17 17:00:00,dev-1,ARCADYAN SPEEDHOMEWLAN,11.02
2025-08-17 17:00:00,dev-2,WNC DT-EXT03A-WNC,22.09
2025-08-17 17:00:00,dev-4,WNC DT-EXT01A-WNC (B),17.98
2025-08-17 18:00:00,dev-1,ARCADYAN SPEEDHOMEWLAN,10.67
2025-08-17 18:00:00,dev-2,WNC DT-EXT03A-WNC,18.73
2025-08-17 18:00:00,dev-4,WNC DT-EXT01A-WNC (B),13.93
2025-08-17 19:00:00,dev-1,ARCADYAN SPEEDHOMEWLAN,8.91
2025-08-17 19:00:00,dev-2,WNC DT-EXT03A-WNC,18.13
2025-08-17 19:00:00,dev-4,WNC DT-EXT01A-WNC (B),14.73
2025-08-17 20:00:00,dev-1,ARCADYAN SPEEDHOMEWLAN,10.01
2025-08-17 20:00:00,dev-2,WNC DT-EXT03A-WNC,18.46
2025-08-17 20:00:00,dev-4,WNC DT-EXT01A-WNC (B),15.0
2025-08-17 21:00:00,dev-1,ARCADYAN SPEEDHOMEWLAN,6.23
2025-08-17 21:00:00,dev-2,WNC DT-EXT03A-WNC,14.28
2025-08-17 21:00:00,dev-4,WNC DT-EXT01A-WNC (B),14.07
2025-08-17 22:00:00,dev-1,ARCADYAN SPEEDHOMEWLAN,4.36
2025-08-17 22:00:00,dev-2,WNC DT-EXT03A-WNC,14.6
2025-08-17 22:00:00,dev-4,WNC DT-EXT01A-WNC (B),17.28
2025-08-17 23:00:00,dev-1,ARCADYAN SPEEDHOMEWLAN,5.85
2025-08-17 23:00:00,dev-2,WNC DT-EXT03A-WNC,12.57
2025-08-17 23:00:00,dev-4,WNC DT-EXT01A-WNC (B),15.48
2025-08-18 00:00:00,dev-1,ARCADYAN SPEEDHOMEWLAN,6.0
2025-08-18 00:00:00,dev-2,WNC DT-EXT03A-WNC,11.65
2025-08-18 00:00:00,dev-4,WNC DT-EXT01A-WNC (B),18.54
2025-08-18 01:00:00,dev-1,ARCADYAN SPEEDHOMEWLAN,8.2
2025-08-18 01:00:00,dev-2,WNC DT-EXT03A-WNC,8.66
2025-08-18 01:00:00,dev-4,WNC DT-EXT01A-WNC (B),17.89
2025-08-18 02:00:00,dev-1,ARCADYAN SPEEDHOMEWLAN,8.28
2025-08-18 02:00:00,dev-2,WNC DT-EXT03A-WNC,6.51
2025-08-18 02:00:00,dev-4,WNC DT-EXT01A-WNC (B),19.28
2025-08-18 03:00:00,dev-1,ARCADYAN SPEEDHOMEWLAN,8.75
2025-08-18 03:00:00,dev-2,WNC DT-EXT03A-WNC,5.1
2025-08-18 03:00:00,dev-4,WNC DT-EXT01A-WNC (B),20.66
2025-08-18 04:00:00,dev-1,ARCADYAN SPEEDHOMEWLAN,11.83
2025-08-18 04:00:00,dev-2,WNC DT-EXT03A-WNC,6.23
2025-08-18 04:00:00,dev-4,WNC DT-EXT01A-WNC (B),22.4
2025-08-18 05:00:00,dev-1,ARCADYAN SPEEDHOMEWLAN,9.43
2025-08-18 05:00:00,dev-2,WNC DT-EXT03A-WNC,7.32
2025-08-18 05:00:00,dev-4,WNC DT-EXT01A-WNC (B),25.0
2025-08-18 06:00:00,dev-1,ARCADYAN SPEEDHOMEWLAN,11.86
2025-08-18 06:00:00,dev-2,WNC DT-EXT03A-WNC,8.07
2025-08-18 06:00:00,dev-4,WNC DT-EXT01A-WNC (B),21.79
2025-08-18 07:00:00,dev-1,ARCADYAN SPEEDHOMEWLAN,12.99
2025-08-18 07:00:00,dev-2,WNC DT-EXT03A-WNC,12.29
2025-08-18 07:00:00,dev-4,WNC DT-EXT01A-WNC (B),23.36
2025-08-18 08:00:00,dev-1,ARCADYAN SPEEDHOMEWLAN,15.18
2025-08-18 08:00:00,dev-2,WNC DT-EXT03A-WNC,12.24
2025-08-18 08:00:00,dev-4,WNC DT-EXT01A-WNC (B),25.0
2025-08-18 09:00:00,dev-1,ARCADYAN SPEEDHOMEWLAN,14.82
2025-08-18 09:00:00,dev-2,WNC DT-EXT03A-WNC,10.58
2025-08-18 09:00:00,dev-4,WNC DT-EXT01A-WNC (B),25.0
2025-08-18 10:00:00,dev-1,ARCADYAN SPEEDHOMEWLAN,18.64
2025-08-18 10:00:00,dev-2,WNC DT-EXT03A-WNC,14.14
2025-08-18 10:00:00,dev-4,WNC DT-EXT01A-WNC (B),25.0
2025-08-18 11:00:00,dev-1,ARCADYAN SPEEDHOMEWLAN,17.77
2025-08-18 11:00:00,dev-2,WNC DT-EXT03A-WNC,14.64
2025-08-18 11:00:00,dev-4,WNC DT-EXT01A-WNC (B),25.0
2025-08-18 12:00:00,dev-1,ARCADYAN SPEEDHOMEWLAN,15.9
2025-08-18 12:00:00,dev-2,WNC DT-EXT03A-WNC,16.4
2025-08-18 12:00:00,dev-4,WNC DT-EXT01A-WNC (B),25.0
2025-08-18 13:00:00,dev-1,ARCADYAN SPEEDHOMEWLAN,16.18
2025-08-18 13:00:00,dev-2,WNC DT-EXT03A-WNC,18.52
2025-08-18 13:00:00,dev-4,WNC DT-EXT01A-WNC (B),25.0
2025-08-18 14:00:00,dev-1,ARCADYAN SPEEDHOMEWLAN,17.39
2025-08-18 14:00:00,dev-2,WNC DT-EXT03A-WNC,20.32
2025-08-18 14:00:00,dev-4,WNC DT-EXT01A-WNC (B),25.0
2025-08-18 15:00:00,dev-1,ARCADYAN SPEEDHOMEWLAN,17.08
2025-08-18 15:00:00,dev-2,WNC DT-EXT03A-WNC,19.72
2025-08-18 15:00:00,dev-4,WNC DT-EXT01A-WNC (B),22.4
2025-08-18 16:00:00,dev-1,ARCADYAN SPEEDHOMEWLAN,17.47
2025-08-18 16:00:00,dev-2,WNC DT-EXT03A-WNC,22.27
2025-08-18 16:00:00,dev-4,WNC DT-EXT01A-WNC (B),22.0
2025-08-18 17:00:00,dev-1,ARCADYAN SPEEDHOMEWLAN,17.35
2025-08-18 17:00:00,dev-2,WNC DT-EXT03A-WNC,19.0
2025-08-18 17:00:00,dev-4,WNC DT-EXT01A-WNC (B),19.47
2025-08-18 18:00:00,dev-1,ARCADYAN SPEEDHOMEWLAN,12.05
2025-08-18 18:00:00,dev-2,WNC DT-EXT03A-WNC,20.35
2025-08-18 18:00:00,dev-4,WNC DT-EXT01A-WNC (B),16.9
2025-08-18 19:00:00,dev-1,ARCADYAN SPEEDHOMEWLAN,8.46
2025-08-18 19:00:00,dev-2,WNC DT-EXT03A-WNC,23.49
2025-08-18 19:00:00,dev-4,WNC DT-EXT01A-WNC (B),17.72
2025-08-18 20:00:00,dev-1,ARCADYAN SPEEDHOMEWLAN,5.42
2025-08-18 20:00:00,dev-2,WNC DT-EXT03A-WNC,18.86
2025-08-18 20:00:00,dev-4,WNC DT-EXT01A-WNC (B),16.1
2025-08-18 21:00:00,dev-1,ARCADYAN SPEEDHOMEWLAN,7.95
2025-08-18 21:00:00,dev-2,WNC DT-EXT03A-WNC,19.37
2025-08-18 21:00:00,dev-4,WNC DT-EXT01A-WNC (B),15.58
2025-08-18 22:00:00,dev-1,ARCADYAN SPEEDHOMEWLAN,5.58
2025-08-18 22:00:00,dev-2,WNC DT-EXT03A-WNC,15.89
2025-08-18 22:00:00,dev-4,WNC DT-EXT01A-WNC (B),17.84
2025-08-18 23:00:00,dev-1,ARCADYAN SPEEDHOMEWLAN,5.8
2025-08-18 23:00:00,dev-2,WNC DT-EXT03A-WNC,15.11
2025-08-18 23:00:00,dev-4,WNC DT-EXT01A-WNC (B),12.41
2025-08-19 00:00:00,dev-1,ARCADYAN SPEEDHOMEWLAN,5.54
2025-08-19 00:00:00,dev-2,WNC DT-EXT03A-WNC,12.7
2025-08-19 00:00:00,dev-4,WNC DT-EXT01A-WNC (B),14.77
2025-08-19 01:00:00,dev-1,ARCADYAN SPEEDHOMEWLAN,6.69
2025-08-19 01:00:00,dev-2,WNC DT-EXT03A-WNC,11.23
2025-08-19 01:00:00,dev-4,WNC DT-EXT01A-WNC (B),16.25
2025-08-19 02:00:00,dev-1,ARCADYAN SPEEDHOMEWLAN,9.3
2025-08-19 02:00:00,dev-2,WNC DT-EXT03A-WNC,9.27
2025-08-19 02:00:00,dev-4,WNC DT-EXT01A-WNC (B),18.85
2025-08-19 03:00:00,dev-1,ARCADYAN SPEEDHOMEWLAN,9.06
2025-08-19 03:00:00,dev-2,WNC DT-EXT03A-WNC,10.37
2025-08-19 03:00:00,dev-4,WNC DT-EXT01A-WNC (B),20.51
2025-08-19 04:00:00,dev-1,ARCADYAN SPEEDHOMEWLAN,9.95
2025-08-19 04:00:00,dev-2,WNC DT-EXT03A-WNC,8.1
2025-08-19 04:00:00,dev-4,WNC DT-EXT01A-WNC (B),20.17
2025-08-19 05:00:00,dev-1,ARCADYAN SPEEDHOMEWLAN,10.15
2025-08-19 05:00:00,dev-2,WNC DT-EXT03A-WNC,10.44
2025-08-19 05:00:00,dev-4,WNC DT-EXT01A-WNC (B),22.42
2025-08-19 06:00:00,dev-1,ARCADYAN SPEEDHOMEWLAN,10.74
2025-08-19 06:00:00,dev-2,WNC DT-EXT03A-WNC,11.53
2025-08-19 06:00:00,dev-4,WNC DT-EXT01A-WNC (B),23.89
2025-08-19 07:00:00,dev-1,ARCADYAN SPEEDHOMEWLAN,14.01
2025-08-19 07:00:00,dev-2,WNC DT-EXT03A-WNC,11.29
2025-08-19 07:00:00,dev-4,WNC DT-EXT01A-WNC (B),25.0
2025-08-19 08:00:00,dev-1,ARCADYAN SPEEDHOMEWLAN,15.99
2025-08-19 08:00:00,dev-2,WNC DT-EXT03A-WNC,11.47
2025-08-19 08:00:00,dev-4,WNC DT-EXT01A-WNC (B),25.0
2025-08-19 09:00:00,dev-1,ARCADYAN SPEEDHOMEWLAN,19.78
2025-08-19 09:00:00,dev-2,WNC DT-EXT03A-WNC,13.98
2025-08-19 09:00:00,dev-4,WNC DT-EXT01A-WNC (B),25.0
2025-08-19 10:00:00,dev-1,ARCADYAN SPEEDHOMEWLAN,18.06
2025-08-19 10:00:00,dev-2,WNC DT-EXT03A-WNC,14.38
2025-08-19 10:00:00,dev-4,WNC DT-EXT01A-WNC (B),25.0
2025-08-19 11:00:00,dev-1,ARCADYAN SPEEDHOMEWLAN,19.69
2025-08-19 11:00:00,dev-2,WNC DT-EXT03A-WNC,17.83
2025-08-19 11:00:00,dev-4,WNC DT-EXT01A-WNC (B),24.85
2025-08-19 12:00:00,dev-1,ARCADYAN SPEEDHOMEWLAN,17.4
2025-08-19 12:00:00,dev-2,WNC DT-EXT03A-WNC,15.21
2025-08-19 12:00:00,dev-4,WNC DT-EXT01A-WNC (B),22.82
2025-08-19 13:00:00,dev-1,ARCADYAN SPEEDHOMEWLAN,15.91
2025-08-19 13:00:00,dev-2,WNC DT-EXT03A-WNC,18.81
2025-08-19 13:00:00,dev-4,WNC DT-EXT01A-WNC (B),24.31
2025-08-19 14:00:00,dev-1,ARCADYAN SPEEDHOMEWLAN,15.39
2025-08-19 14:00:00,dev-2,WNC DT-EXT03A-WNC,17.44
2025-08-19 14:00:00,dev-4,WNC DT-EXT01A-WNC (B),21.55
2025-08-19 15:00:00,dev-1,ARCADYAN SPEEDHOMEWLAN,14.59
2025-08-19 15:00:00,dev-2,WNC DT-EXT03A-WNC,18.96
2025-08-19 15:00:00,dev-4,WNC DT-EXT01A-WNC (B),21.33
2025-08-19 16:00:00,dev-1,ARCADYAN SPEEDHOMEWLAN,17.46
2025-08-19 16:00:00,dev-2,WNC DT-EXT03A-WNC,23.64
2025-08-19 16:00:00,dev-4,WNC DT-EXT01A-WNC (B),17.44
2025-08-19 17:00:00,dev-1,ARCADYAN SPEEDHOMEWLAN,11.47
2025-08-19 17:00:00,dev-2,WNC DT-EXT03A-WNC,22.91
2025-08-19 17:00:00,dev-4,WNC DT-EXT01A-WNC (B),17.14
2025-08-19 18:00:00,dev-1,ARCADYAN SPEEDHOMEWLAN,12.35
2025-08-19 18:00:00,dev-2,WNC DT-EXT03A-WNC,20.07
2025-08-19 18:00:00,dev-4,WNC DT-EXT01A-WNC (B),17.12
2025-08-19 19:00:00,dev-1,ARCADYAN SPEEDHOMEWLAN,8.19
2025-08-19 19:00:00,dev-2,WNC DT-EXT03A-WNC,18.09
2025-08-19 19:00:00,dev-4,WNC DT-EXT01A-WNC (B),16.32
2025-08-19 20:00:00,dev-1,ARCADYAN SPEEDHOMEWLAN,9.55
2025-08-19 20:00:00,dev-2,WNC DT-EXT03A-WNC,14.77
2025-08-19 20:00:00,dev-4,WNC DT-EXT01A-WNC (B),15.61
2025-08-19 21:00:00,dev-1,ARCADYAN SPEEDHOMEWLAN,7.59
2025-08-19 21:00:00,dev-2,WNC DT-EXT03A-WNC,17.03
2025-08-19 21:00:00,dev-4,WNC DT-EXT01A-WNC (B),12.59
2025-08-19 22:00:00,dev-1,ARCADYAN SPEEDHOMEWLAN,5.97
2025-08-19 22:00:00,dev-2,WNC DT-EXT03A-WNC,19.95
2025-08-19 22:00:00,dev-4,WNC DT-EXT01A-WNC (B),15.85
2025-08-19 23:00:00,dev-1,ARCADYAN SPEEDHOMEWLAN,5.71
2025-08-19 23:00:00,dev-2,WNC DT-EXT03A-WNC,15.39
2025-08-19 23:00:00,dev-4,WNC DT-EXT01A-WNC (B),13.76
2025-08-20 00:00:00,dev-1,ARCADYAN SPEEDHOMEWLAN,4.77
2025-08-20 00:00:00,dev-2,WNC DT-EXT03A-WNC,12.38
2025-08-20 00:00:00,dev-4,WNC DT-EXT01A-WNC (B),16.68
2025-08-20 01:00:00,dev-1,ARCADYAN SPEEDHOMEWLAN,6.79
2025-08-20 01:00:00,dev-2,WNC DT-EXT03A-WNC,12.56
2025-08-20 01:00:00,dev-4,WNC DT-EXT01A-WNC (B),16.8
2025-08-20 02:00:00,dev-1,ARCADYAN SPEEDHOMEWLAN,6.19
2025-08-20 02:00:00,dev-2,WNC DT-EXT03A-WNC,8.41
2025-08-20 02:00:00,dev-4,WNC DT-EXT01A-WNC (B),16.06
2025-08-20 03:00:00,dev-1,ARCADYAN SPEEDHOMEWLAN,6.1
2025-08-20 03:00:00,dev-2,WNC DT-EXT03A-WNC,9.52
2025-08-20 03:00:00,dev-4,WNC DT-EXT01A-WNC (B),19.11
2025-08-20 06:00:00,dev-1,ARCADYAN SPEEDHOMEWLAN,14.58
2025-08-20 06:00:00,dev-2,WNC DT-EXT03A-WNC,11.15
2025-08-20 06:00:00,dev-4,WNC DT-EXT01A-WNC (B),23.53
2025-08-20 07:00:00,dev-1,ARCADYAN SPEEDHOMEWLAN,13.88
2025-08-20 07:00:00,dev-2,WNC DT-EXT03A-WNC,11.25
2025-08-20 07:00:00,dev-4,WNC DT-EXT01A-WNC (B),25.0
2025-08-20 08:00:00,dev-1,ARCADYAN SPEEDHOMEWLAN,14.74
2025-08-20 08:00:00,dev-2,WNC DT-EXT03A-WNC,12.83
2025-08-20 08:00:00,dev-4,WNC DT-EXT01A-WNC (B),25.0
2025-08-20 09:00:00,dev-1,ARCADYAN SPEEDHOMEWLAN,16.36
2025-08-20 09:00:00,dev-2,WNC DT-EXT03A-WNC,12.12
2025-08-20 09:00:00,dev-4,WNC DT-EXT01A-WNC (B),25.0
2025-08-20 10:00:00,dev-1,ARCADYAN SPEEDHOMEWLAN,18.58
2025-08-20 10:00:00,dev-2,WNC DT-EXT03A-WNC,15.98
2025-08-20 10:00:00,dev-4,WNC DT-EXT01A-WNC (B),25.0
2025-08-20 11:00:00,dev-1,ARCADYAN SPEEDHOMEWLAN,17.25
2025-08-20 11:00:00,dev-2,WNC DT-EXT03A-WNC,18.61
2025-08-20 11:00:00,dev-4,WNC DT-EXT01A-WNC (B),25.0
2025-08-20 12:00:00,dev-1,ARCADYAN SPEEDHOMEWLAN,16.2
2025-08-20 12:00:00,dev-2,WNC DT-EXT03A-WNC,16.17
2025-08-20 12:00:00,dev-4,WNC DT-EXT01A-WNC (B),25.0
2025-08-20 13:00:00,dev-1,ARCADYAN SPEEDHOMEWLAN,17.97
2025-08-20 13:00:00,dev-2,WNC DT-EXT03A-WNC,17.59
2025-08-20 13:00:00,dev-4,WNC DT-EXT01A-WNC (B),20.97
2025-08-20 14:00:00,dev-1,ARCADYAN SPEEDHOMEWLAN,16.07
2025-08-20 14:00:00,dev-2,WNC DT-EXT03A-WNC,21.97
2025-08-20 14:00:00,dev-4,WNC DT-EXT01A-WNC (B),19.96
2025-08-20 15:00:00,dev-1,ARCADYAN SPEEDHOMEWLAN,16.53
2025-08-20 15:00:00,dev-2,WNC DT-EXT03A-WNC,20.39
2025-08-20 15:00:00,dev-4,WNC DT-EXT01A-WNC (B),21.97
2025-08-20 16:00:00,dev-1,ARCADYAN SPEEDHOMEWLAN,13.05
2025-08-20 16:00:00,dev-2,WNC DT-EXT03A-WNC,23.11
2025-08-20 16:00:00,dev-4,WNC DT-EXT01A-WNC (B),16.51
2025-08-20 17:00:00,dev-1,ARCADYAN SPEEDHOMEWLAN,9.34
2025-08-20 17:00:00,dev-2,WNC DT-EXT03A-WNC,20.27
2025-08-20 17:00:00,dev-4,WNC DT-EXT01A-WNC (B),14.54
2025-08-20 18:00:00,dev-1,ARCADYAN SPEEDHOMEWLAN,7.49
2025-08-20 18:00:00,dev-2,WNC DT-EXT03A-WNC,22.63
2025-08-20 18:00:00,dev-4,WNC DT-EXT01A-WNC (B),14.4
2025-08-20 19:00:00,dev-1,ARCADYAN SPEEDHOMEWLAN,10.43
2025-08-20 19:00:00,dev-2,WNC DT-EXT03A-WNC,19.78
2025-08-20 19:00:00,dev-4,WNC DT-EXT01A-WNC (B),14.62
2025-08-20 20:00:00,dev-1,ARCADYAN SPEEDHOMEWLAN,9.13
2025-08-20 20:00:00,dev-2,WNC DT-EXT03A-WNC,18.79
2025-08-20 20:00:00,dev-4,WNC DT-EXT01A-WNC (B),13.04
2025-08-20 21:00:00,dev-1,ARCADYAN SPEEDHOMEWLAN,5.11
2025-08-20 21:00:00,dev-2,WNC DT-EXT03A-WNC,19.32
2025-08-20 21:00:00,dev-4,WNC DT-EXT01A-WNC (B),11.8
2025-08-20 22:00:00,dev-1,ARCADYAN SPEEDHOMEWLAN,3.97
2025-08-20 22:00:00,dev-2,WNC DT-EXT03A-WNC,14.85
2025-08-20 22:00:00,dev-4,WNC DT-EXT01A-WNC (B),11.75
2025-08-20 23:00:00,dev-1,ARCADYAN SPEEDHOMEWLAN,6.29
2025-08-20 23:00:00,dev-2,WNC DT-EXT03A-WNC,12.35
2025-08-20 23:00:00,dev-4,WNC DT-EXT01A-WNC (B),12.09
2025-08-21 00:00:00,dev-1,ARCADYAN SPEEDHOMEWLAN,2.39
2025-08-21 00:00:00,dev-2,WNC DT-EXT03A-WNC,11.52
2025-08-21 00:00:00,dev-4,WNC DT-EXT01A-WNC (B),12.6
2025-08-21 01:00:00,dev-1,ARCADYAN SPEEDHOMEWLAN,3.07
2025-08-21 01:00:00,dev-2,WNC DT-EXT03A-WNC,11.46
2025-08-21 01:00:00,dev-4,WNC DT-EXT01A-WNC (B),18.43
2025-08-21 02:00:00,dev-1,ARCADYAN SPEEDHOMEWLAN,6.12
2025-08-21 02:00:00,dev-2,WNC DT-EXT03A-WNC,7.27
2025-08-21 02:00:00,dev-4,WNC DT-EXT01A-WNC (B),16.77
2025-08-21 03:00:00,dev-1,ARCADYAN SPEEDHOMEWLAN,5.62
2025-08-21 03:00:00,dev-2,WNC DT-EXT03A-WNC,9.75
2025-08-21 03:00:00,dev-4,WNC DT-EXT01A-WNC (B),19.12
2025-08-21 04:00:00,dev-1,ARCADYAN SPEEDHOMEWLAN,7.5
2025-08-21 04:00:00,dev-2,WNC DT-EXT03A-WNC,7.53
2025-08-21 04:00:00,dev-4,WNC DT-EXT01A-WNC (B),18.55
2025-08-21 05:00:00,dev-1,ARCADYAN SPEEDHOMEWLAN,8.71
2025-08-21 05:00:00,dev-2,WNC DT-EXT03A-WNC,10.01
2025-08-21 05:00:00,dev-4,WNC DT-EXT01A-WNC (B),20.44
2025-08-21 06:00:00,dev-1,ARCADYAN SPEEDHOMEWLAN,10.96
2025-08-21 06:00:00,dev-2,WNC DT-EXT03A-WNC,5.06
2025-08-21 06:00:00,dev-4,WNC DT-EXT01A-WNC (B),20.91
2025-08-21 07:00:00,dev-1,ARCADYAN SPEEDHOMEWLAN,14.0
2025-08-21 07:00:00,dev-2,WNC DT-EXT03A-WNC,8.2
2025-08-21 07:00:00,dev-4,WNC DT-EXT01A-WNC (B),19.0
2025-08-21 08:00:00,dev-1,ARCADYAN SPEEDHOMEWLAN,13.3
2025-08-21 08:00:00,dev-2,WNC DT-EXT03A-WNC,7.9
2025-08-21 08:00:00,dev-4,WNC DT-EXT01A-WNC (B),21.58
2025-08-21 09:00:00,dev-1,ARCADYAN SPEEDHOMEWLAN,15.15
2025-08-21 09:00:00,dev-2,WNC DT-EXT03A-WNC,10.49
2025-08-21 09:00:00,dev-4,WNC DT-EXT01A-WNC (B),21.22
2025-08-21 10:00:00,dev-1,ARCADYAN SPEEDHOMEWLAN,11.8
2025-08-21 10:00:00,dev-2,WNC DT-EXT03A-WNC,13.54
2025-08-21 10:00:00,dev-4,WNC DT-EXT01A-WNC (B),20.45
2025-08-21 11:00:00,dev-1,ARCADYAN SPEEDHOMEWLAN,15.11
2025-08-21 11:00:00,dev-2,WNC DT-EXT03A-WNC,14.4
2025-08-21 11:00:00,dev-4,WNC DT-EXT01A-WNC (B),21.51
2025-08-21 12:00:00,dev-1,ARCADYAN SPEEDHOMEWLAN,13.83
2025-08-21 12:00:00,dev-2,WNC DT-EXT03A-WNC,15.72
2025-08-21 12:00:00,dev-4,WNC DT-EXT01A-WNC (B),24.4
2025-08-21 13:00:00,dev-1,ARCADYAN SPEEDHOMEWLAN,12.77
2025-08-21 13:00:00,dev-2,WNC DT-EXT03A-WNC,17.13
2025-08-21 13:00:00,dev-4,WNC DT-EXT01A-WNC (B),21.15
2025-08-21 14:00:00,dev-1,ARCADYAN SPEEDHOMEWLAN,12.41
2025-08-21 14:00:00,dev-2,WNC DT-EXT03A-WNC,18.69
2025-08-21 14:00:00,dev-4,WNC DT-EXT01A-WNC (B),21.72
2025-08-21 15:00:00,dev-1,ARCADYAN SPEEDHOMEWLAN,12.05
2025-08-21 15:00:00,dev-2,WNC DT-EXT03A-WNC,17.56
2025-08-21 15:00:00,dev-4,WNC DT-EXT01A-WNC (B),18.83
2025-08-21 16:00:00,dev-1,ARCADYAN SPEEDHOMEWLAN,12.49
2025-08-21 16:00:00,dev-2,WNC DT-EXT03A-WNC,20.44
2025-08-21 16:00:00,dev-4,WNC DT-EXT01A-WNC (B),17.78
2025-08-21 17:00:00,dev-1,ARCADYAN SPEEDHOMEWLAN,7.56
2025-08-21 17:00:00,dev-2,WNC DT-EXT03A-WNC,20.28
2025-08-21 17:00:00,dev-4,WNC DT-EXT01A-WNC (B),13.72
2025-08-21 18:00:00,dev-1,ARCADYAN SPEEDHOMEWLAN,7.98
2025-08-21 18:00:00,dev-2,WNC DT-EXT03A-WNC,19.36
2025-08-21 18:00:00,dev-4,WNC DT-EXT01A-WNC (B),14.5
2025-08-21 19:00:00,dev-1,ARCADYAN SPEEDHOMEWLAN,5.65
2025-08-21 19:00:00,dev-2,WNC DT-EXT03A-WNC,18.74
2025-08-21 19:00:00,dev-4,WNC DT-EXT01A-WNC (B),13.71
2025-08-21 20:00:00,dev-1,ARCADYAN SPEEDHOMEWLAN,4.5
2025-08-21 20:00:00,dev-2,WNC DT-EXT03A-WNC,17.16
2025-08-21 20:00:00,dev-4,WNC DT-EXT01A-WNC (B),10.99
2025-08-21 21:00:00,dev-1,ARCADYAN SPEEDHOMEWLAN,5.36
2025-08-21 21:00:00,dev-2,WNC DT-EXT03A-WNC,18.33
2025-08-21 21:00:00,dev-4,WNC DT-EXT01A-WNC (B),12.32
2025-08-21 22:00:00,dev-1,ARCADYAN SPEEDHOMEWLAN,3.87
2025-08-21 22:00:00,dev-2,WNC DT-EXT03A-WNC,13.55
2025-08-21 22:00:00,dev-4,WNC DT-EXT01A-WNC (B),12.37
2025-08-21 23:00:00,dev-1,ARCADYAN SPEEDHOMEWLAN,4.65
2025-08-21 23:00:00,dev-2,WNC DT-EXT03A-WNC,11.59
2025-08-21 23:00:00,dev-4,WNC DT-EXT01A-WNC (B),11.14
2025-08-22 00:00:00,dev-1,ARCADYAN SPEEDHOMEWLAN,2.41
2025-08-22 00:00:00,dev-2,WNC DT-EXT03A-WNC,9.34
2025-08-22 00:00:00,dev-4,WNC DT-EXT01A-WNC (B),11.1
2025-08-22 01:00:00,dev-1,ARCADYAN SPEEDHOMEWLAN,2.0
2025-08-22 01:00:00,dev-2,WNC DT-EXT03A-WNC,7.52
2025-08-22 01:00:00,dev-4,WNC DT-EXT01A-WNC (B),12.14
2025-08-22 02:00:00,dev-1,ARCADYAN SPEEDHOMEWLAN,3.48
2025-08-22 02:00:00,dev-2,WNC DT-EXT03A-WNC,6.04
2025-08-22 02:00:00,dev-4,WNC DT-EXT01A-WNC (B),15.42
2025-08-22 03:00:00,dev-1,ARCADYAN SPEEDHOMEWLAN,5.28
2025-08-22 03:00:00,dev-2,WNC DT-EXT03A-WNC,5.75
2025-08-22 03:00:00,dev-4,WNC DT-EXT01A-WNC (B),17.3
2025-08-22 04:00:00,dev-1,ARCADYAN SPEEDHOMEWLAN,6.53
2025-08-22 04:00:00,dev-2,WNC DT-EXT03A-WNC,6.53
2025-08-22 04:00:00,dev-4,WNC DT-EXT01A-WNC (B),17.17
2025-08-22 05:00:00,dev-1,ARCADYAN SPEEDHOMEWLAN,6.13
2025-08-22 05:00:00,dev-2,WNC DT-EXT03A-WNC,7.1
2025-08-22 05:00:00,dev-4,WNC DT-EXT01A-WNC (B),19.89
2025-08-22 06:00:00,dev-1,ARCADYAN SPEEDHOMEWLAN,9.44
2025-08-22 06:00:00,dev-2,WNC DT-EXT03A-WNC,7.05
2025-08-22 06:00:00,dev-4,WNC DT-EXT01A-WNC (B),22.03
2025-08-22 07:00:00,dev-1,ARCADYAN SPEEDHOMEWLAN,11.13
2025-08-22 07:00:00,dev-2,WNC DT-EXT03A-WNC,6.57
2025-08-22 07:00:00,dev-4,WNC DT-EXT01A-WNC (B),23.16
2025-08-22 08:00:00,dev-1,ARCADYAN SPEEDHOMEWLAN,15.89
2025-08-22 08:00:00,dev-2,WNC DT-EXT03A-WNC,10.13
2025-08-22 08:00:00,dev-4,WNC DT-EXT01A-WNC (B),25.0
2025-08-22 09:00:00,dev-1,ARCADYAN SPEEDHOMEWLAN,16.0
2025-08-22 09:00:00,dev-2,WNC DT-EXT03A-WNC,11.21
2025-08-22 09:00:00,dev-4,WNC DT-EXT01A-WNC (B),25.0
2025-08-22 10:00:00,dev-1,ARCADYAN SPEEDHOMEWLAN,12.65
2025-08-22 10:00:00,dev-2,WNC DT-EXT03A-WNC,11.33
2025-08-22 10:00:00,dev-4,WNC DT-EXT01A-WNC (B),21.75
2025-08-22 11:00:00,dev-1,ARCADYAN SPEEDHOMEWLAN,13.87
2025-08-22 11:00:00,dev-2,WNC DT-EXT03A-WNC,12.1
2025-08-22 11:00:00,dev-4,WNC DT-EXT01A-WNC (B),25.0
2025-08-22 12:00:00,dev-1,ARCADYAN SPEEDHOMEWLAN,12.07
2025-08-22 12:00:00,dev-2,WNC DT-EXT03A-WNC,15.36
2025-08-22 12:00:00,dev-4,WNC DT-EXT01A-WNC (B),21.18
2025-08-22 13:00:00,dev-1,ARCADYAN SPEEDHOMEWLAN,
2025-08-22 13:00:00,dev-2,WNC DT-EXT03A-WNC,16.12
2025-08-22 13:00:00,dev-4,WNC DT-EXT01A-WNC (B),22.4
2025-08-22 14:00:00,dev-1,ARCADYAN SPEEDHOMEWLAN,
2025-08-22 14:00:00,dev-2,WNC DT-EXT03A-WNC,14.71
2025-08-22 14:00:00,dev-4,WNC DT-EXT01A-WNC (B),19.57
2025-08-22 15:00:00,dev-1,ARCADYAN SPEEDHOMEWLAN,13.7
2025-08-22 15:00:00,dev-2,WNC DT-EXT03A-WNC,17.5
2025-08-22 15:00:00,dev-4,WNC DT-EXT01A-WNC (B),17.34
2025-08-22 16:00:00,dev-1,ARCADYAN SPEEDHOMEWLAN,
2025-08-22 16:00:00,dev-2,WNC DT-EXT03A-WNC,18.34
2025-08-22 16:00:00,dev-4,WNC DT-EXT01A-WNC (B),13.71
2025-08-22 17:00:00,dev-1,ARCADYAN SPEEDHOMEWLAN,
2025-08-22 17:00:00,dev-2,WNC DT-EXT03A-WNC,16.54
2025-08-22 17:00:00,dev-4,WNC DT-EXT01A-WNC (B),14.69
2025-08-22 18:00:00,dev-1,ARCADYAN SPEEDHOMEWLAN,
2025-08-22 18:00:00,dev-2,WNC DT-EXT03A-WNC,17.71
2025-08-22 18:00:00,dev-4,WNC DT-EXT01A-WNC (B),11.32
2025-08-22 19:00:00,dev-1,ARCADYAN SPEEDHOMEWLAN,5.73
2025-08-22 19:00:00,dev-2,WNC DT-EXT03A-WNC,14.41
2025-08-22 19:00:00,dev-4,WNC DT-EXT01A-WNC (B),14.08
2025-08-22 20:00:00,dev-1,ARCADYAN SPEEDHOMEWLAN,3.06
2025-08-22 20:00:00,dev-2,WNC DT-EXT03A-WNC,17.44
2025-08-22 20:00:00,dev-4,WNC DT-EXT01A-WNC (B),14.21
2025-08-22 21:00:00,dev-1,ARCADYAN SPEEDHOMEWLAN,2.79
2025-08-22 21:00:00,dev-2,WNC DT-EXT03A-WNC,15.91
2025-08-22 21:00:00,dev-4,WNC DT-EXT01A-WNC (B),10.43
2025-08-22 22:00:00,dev-1,ARCADYAN SPEEDHOMEWLAN,1.54
2025-08-22 22:00:00,dev-2,WNC DT-EXT03A-WNC,12.12
2025-08-22 22:00:00,dev-4,WNC DT-EXT01A-WNC (B),12.18
2025-08-22 23:00:00,dev-1,ARCADYAN SPEEDHOMEWLAN,2.36
2025-08-22 23:00:00,dev-2,WNC DT-EXT03A-WNC,11.46
2025-08-22 23:00:00,dev-4,WNC DT-EXT01A-WNC (B),11.15
2025-08-23 00:00:00,dev-1,ARCADYAN SPEEDHOMEWLAN,0.0
2025-08-23 00:00:00,dev-2,WNC DT-EXT03A-WNC,5.77
2025-08-23 00:00:00,dev-4,WNC DT-EXT01A-WNC (B),12.17
2025-08-23 01:00:00,dev-1,ARCADYAN SPEEDHOMEWLAN,0.82
2025-08-23 01:00:00,dev-2,WNC DT-EXT03A-WNC,6.29
2025-08-23 01:00:00,dev-4,WNC DT-EXT01A-WNC (B),15.47
2025-08-23 02:00:00,dev-1,ARCADYAN SPEEDHOMEWLAN,7.06
2025-08-23 02:00:00,dev-2,WNC DT-EXT03A-WNC,6.48
2025-08-23 02:00:00,dev-4,WNC DT-EXT01A-WNC (B),15.69
2025-08-23 03:00:00,dev-1,ARCADYAN SPEEDHOMEWLAN,3.1
2025-08-23 03:00:00,dev-2,WNC DT-EXT03A-WNC,4.54
2025-08-23 03:00:00,dev-4,WNC DT-EXT01A-WNC (B),19.93
2025-08-23 04:00:00,dev-1,ARCADYAN SPEEDHOMEWLAN,4.8
2025-08-23 04:00:00,dev-2,WNC DT-EXT03A-WNC,6.83
2025-08-23 04:00:00,dev-4,WNC DT-EXT01A-WNC (B),18.22
2025-08-23 05:00:00,dev-1,ARCADYAN SPEEDHOMEWLAN,10.76
2025-08-23 05:00:00,dev-2,WNC DT-EXT03A-WNC,8.78
2025-08-23 05:00:00,dev-4,WNC DT-EXT01A-WNC (B),21.99
2025-08-23 06:00:00,dev-1,ARCADYAN SPEEDHOMEWLAN,13.97
2025-08-23 06:00:00,dev-2,WNC DT-EXT03A-WNC,4.44
2025-08-23 06:00:00,dev-4,WNC DT-EXT01A-WNC (B),22.02
2025-08-23 07:00:00,dev-1,ARCADYAN SPEEDHOMEWLAN,9.4
2025-08-23 07:00:00,dev-2,WNC DT-EXT03A-WNC,5.75
2025-08-23 07:00:00,dev-4,WNC DT-EXT01A-WNC (B),24.18
2025-08-23 08:00:00,dev-1,ARCADYAN SPEEDHOMEWLAN,12.0
2025-08-23 08:00:00,dev-4,WNC DT-EXT01A-WNC (B),23.1
2025-08-23 09:00:00,dev-1,ARCADYAN SPEEDHOMEWLAN,14.2
2025-08-23 09:00:00,dev-4,WNC DT-EXT01A-WNC (B),24.1
2025-08-23 10:00:00,dev-1,ARCADYAN SPEEDHOMEWLAN,17.08
2025-08-23 10:00:00,dev-4,WNC DT-EXT01A-WNC (B),24.0
2025-08-23 11:00:00,dev-1,ARCADYAN SPEEDHOMEWLAN,13.44
2025-08-23 11:00:00,dev-2,WNC DT-EXT03A-WNC,12.99
2025-08-23 11:00:00,dev-4,WNC DT-EXT01A-WNC (B),22.52
2025-08-23 12:00:00,dev-1,ARCADYAN SPEEDHOMEWLAN,14.58
2025-08-23 12:00:00,dev-2,WNC DT-EXT03A-WNC,16.87
2025-08-23 15:00:00,dev-1,ARCADYAN SPEEDHOMEWLAN,12.18
2025-08-23 15:00:00,dev-2,WNC DT-EXT03A-WNC,16.76
2025-08-23 15:00:00,dev-4,WNC DT-EXT01A-WNC (B),21.44
2025-08-23 16:00:00,dev-1,ARCADYAN SPEEDHOMEWLAN,11.24
2025-08-23 16:00:00,dev-2,WNC DT-EXT03A-WNC,17.02
2025-08-23 16:00:00,dev-4,WNC DT-EXT01A-WNC (B),19.81
2025-08-23 17:00:00,dev-1,ARCADYAN SPEEDHOMEWLAN,7.92
2025-08-23 17:00:00,dev-2,WNC DT-EXT03A-WNC,19.03
2025-08-23 17:00:00,dev-4,WNC DT-EXT01A-WNC (B),15.64
2025-08-23 18:00:00,dev-1,ARCADYAN SPEEDHOMEWLAN,8.12
2025-08-23 18:00:00,dev-2,WNC DT-EXT03A-WNC,17.77
2025-08-23 18:00:00,dev-4,WNC DT-EXT01A-WNC (B),15.51
2025-08-23 19:00:00,dev-1,ARCADYAN SPEEDHOMEWLAN,6.64
2025-08-23 19:00:00,dev-2,WNC DT-EXT03A-WNC,13.98
2025-08-23 19:00:00,dev-4,WNC DT-EXT01A-WNC (B),13.03
2025-08-23 20:00:00,dev-1,ARCADYAN SPEEDHOMEWLAN,6.11
2025-08-23 20:00:00,dev-2,WNC DT-EXT03A-WNC,16.32
2025-08-23 20:00:00,dev-4,WNC DT-EXT01A-WNC (B),13.34
2025-08-23 21:00:00,dev-1,ARCADYAN SPEEDHOMEWLAN,
2025-08-23 21:00:00,dev-2,WNC DT-EXT03A-WNC,13.36
2025-08-23 21:00:00,dev-4,WNC DT-EXT01A-WNC (B),12.13
2025-08-23 22:00:00,dev-1,ARCADYAN SPEEDHOMEWLAN,4.77
2025-08-23 22:00:00,dev-2,WNC DT-EXT03A-WNC,14.65
2025-08-23 22:00:00,dev-4,WNC DT-EXT01A-WNC (B),15.6
2025-08-23 23:00:00,dev-1,ARCADYAN SPEEDHOMEWLAN,5.28
2025-08-23 23:00:00,dev-2,WNC DT-EXT03A-WNC,10.28
2025-08-23 23:00:00,dev-4,WNC DT-EXT01A-WNC (B),14.25
2025-08-24 00:00:00,dev-1,ARCADYAN SPEEDHOMEWLAN,4.09
2025-08-24 00:00:00,dev-2,WNC DT-EXT03A-WNC,8.8
2025-08-24 00:00:00,dev-4,WNC DT-EXT01A-WNC (B),14.29
2025-08-24 01:00:00,dev-1,ARCADYAN SPEEDHOMEWLAN,4.89
2025-08-24 01:00:00,dev-2,WNC DT-EXT03A-WNC,9.27
2025-08-24 01:00:00,dev-4,WNC DT-EXT01A-WNC (B),17.63
2025-08-24 02:00:00,dev-1,ARCADYAN SPEEDHOMEWLAN,5.33
2025-08-24 02:00:00,dev-2,WNC DT-EXT03A-WNC,8.57
2025-08-24 02:00:00,dev-4,WNC DT-EXT01A-WNC (B),14.04
2025-08-24 03:00:00,dev-1,ARCADYAN SPEEDHOMEWLAN,6.45
2025-08-24 03:00:00,dev-2,WNC DT-EXT03A-WNC,7.38
2025-08-24 03:00:00,dev-4,WNC DT-EXT01A-WNC (B),15.88
2025-08-24 04:00:00,dev-1,ARCADYAN SPEEDHOMEWLAN,6.81
2025-08-24 04:00:00,dev-2,WNC DT-EXT03A-WNC,3.85
2025-08-24 04:00:00,dev-4,WNC DT-EXT01A-WNC (B),21.73
2025-08-24 05:00:00,dev-1,ARCADYAN SPEEDHOMEWLAN,9.96
2025-08-24 05:00:00,dev-2,WNC DT-EXT03A-WNC,7.27
2025-08-24 05:00:00,dev-4,WNC DT-EXT01A-WNC (B),22.19
2025-08-24 06:00:00,dev-1,ARCADYAN SPEEDHOMEWLAN,10.98
2025-08-24 06:00:00,dev-2,WNC DT-EXT03A-WNC,5.4
2025-08-24 06:00:00,dev-4,WNC DT-EXT01A-WNC (B),23.87
2025-08-24 07:00:00,dev-1,ARCADYAN SPEEDHOMEWLAN,15.85
2025-08-24 07:00:00,dev-2,WNC DT-EXT03A-WNC,8.16
2025-08-24 07:00:00,dev-4,WNC DT-EXT01A-WNC (B),22.63
2025-08-24 08:00:00,dev-1,ARCADYAN SPEEDHOMEWLAN,16.48
2025-08-24 08:00:00,dev-2,WNC DT-EXT03A-WNC,6.86
2025-08-24 08:00:00,dev-4,WNC DT-EXT01A-WNC (B),25.0
2025-08-24 09:00:00,dev-1,ARCADYAN SPEEDHOMEWLAN,15.86
2025-08-24 09:00:00,dev-2,WNC DT-EXT03A-WNC,11.1
2025-08-24 09:00:00,dev-4,WNC DT-EXT01A-WNC (B),25.0
2025-08-24 10:00:00,dev-1,ARCADYAN SPEEDHOMEWLAN,14.97
2025-08-24 10:00:00,dev-2,WNC DT-EXT03A-WNC,10.8
2025-08-24 10:00:00,dev-4,WNC DT-EXT01A-WNC (B),25.0
2025-08-24 11:00:00,dev-1,ARCADYAN SPEEDHOMEWLAN,14.89
2025-08-24 11:00:00,dev-2,WNC DT-EXT03A-WNC,11.72
2025-08-24 11:00:00,dev-4,WNC DT-EXT01A-WNC (B),25.0
2025-08-24 12:00:00,dev-1,ARCADYAN SPEEDHOMEWLAN,18.39
2025-08-24 12:00:00,dev-2,WNC DT-EXT03A-WNC,16.29
2025-08-24 12:00:00,dev-4,WNC DT-EXT01A-WNC (B),24.0
2025-08-24 13:00:00,dev-1,ARCADYAN SPEEDHOMEWLAN,16.64
2025-08-24 13:00:00,dev-2,WNC DT-EXT03A-WNC,16.99
2025-08-24 13:00:00,dev-4,WNC DT-EXT01A-WNC (B),22.98
2025-08-24 14:00:00,dev-1,ARCADYAN SPEEDHOMEWLAN,16.22
2025-08-24 14:00:00,dev-2,WNC DT-EXT03A-WNC,16.87
2025-08-24 15:00:00,dev-1,ARCADYAN SPEEDHOMEWLAN,11.83
2025-08-24 15:00:00,dev-2,WNC DT-EXT03A-WNC,20.8
2025-08-24 16:00:00,dev-1,ARCADYAN SPEEDHOMEWLAN,14.54
2025-08-24 16:00:00,dev-2,WNC DT-EXT03A-WNC,18.41
2025-08-24 17:00:00,dev-1,ARCADYAN SPEEDHOMEWLAN,12.37
2025-08-24 17:00:00,dev-2,WNC DT-EXT03A-WNC,19.17
2025-08-24 18:00:00,dev-1,ARCADYAN SPEEDHOMEWLAN,8.53
2025-08-24 18:00:00,dev-2,WNC DT-EXT03A-WNC,19.17
2025-08-24 19:00:00,dev-1,ARCADYAN SPEEDHOMEWLAN,8.05
2025-08-24 19:00:00,dev-2,WNC DT-EXT03A-WNC,17.11
2025-08-24 19:00:00,dev-4,WNC DT-EXT01A-WNC (B),13.82
2025-08-24 20:00:00,dev-1,ARCADYAN SPEEDHOMEWLAN,7.88
2025-08-24 20:00:00,dev-2,WNC DT-EXT03A-WNC,17.69
2025-08-24 20:00:00,dev-4,WNC DT-EXT01A-WNC (B),13.44
2025-08-24 21:00:00,dev-1,ARCADYAN SPEEDHOMEWLAN,6.54
2025-08-24 21:00:00,dev-2,WNC DT-EXT03A-WNC,14.89
2025-08-24 21:00:00,dev-4,WNC DT-EXT01A-WNC (B),14.67
2025-08-24 22:00:00,dev-1,ARCADYAN SPEEDHOMEWLAN,5.33
2025-08-24 22:00:00,dev-2,WNC DT-EXT03A-WNC,13.63
2025-08-24 22:00:00,dev-4,WNC DT-EXT01A-WNC (B),11.58
2025-08-24 23:00:00,dev-1,ARCADYAN SPEEDHOMEWLAN,5.3
2025-08-24 23:00:00,dev-2,WNC DT-EXT03A-WNC,14.8
2025-08-24 23:00:00,dev-4,WNC DT-EXT01A-WNC (B),16.14
2025-08-25 00:00:00,dev-1,ARCADYAN SPEEDHOMEWLAN,5.17
2025-08-25 00:00:00,dev-2,WNC DT-EXT03A-WNC,9.77
2025-08-25 00:00:00,dev-4,WNC DT-EXT01A-WNC (B),17.23
2025-08-25 01:00:00,dev-1,ARCADYAN SPEEDHOMEWLAN,6.27
2025-08-25 01:00:00,dev-2,WNC DT-EXT03A-WNC,6.44
2025-08-25 01:00:00,dev-4,WNC DT-EXT01A-WNC (B),16.92
2025-08-25 02:00:00,dev-1,ARCADYAN SPEEDHOMEWLAN,9.11
2025-08-25 02:00:00,dev-2,WNC DT-EXT03A-WNC,11.46
2025-08-25 02:00:00,dev-4,WNC DT-EXT01A-WNC (B),15.0
2025-08-25 03:00:00,dev-1,ARCADYAN SPEEDHOMEWLAN,4.24
2025-08-25 03:00:00,dev-2,WNC DT-EXT03A-WNC,12.18
2025-08-25 03:00:00,dev-4,WNC DT-EXT01A-WNC (B),18.79
2025-08-25 04:00:00,dev-1,ARCADYAN SPEEDHOMEWLAN,9.16
2025-08-25 04:00:00,dev-2,WNC DT-EXT03A-WNC,7.44
2025-08-25 04:00:00,dev-4,WNC DT-EXT01A-WNC (B),23.73
2025-08-25 05:00:00,dev-1,ARCADYAN SPEEDHOMEWLAN,11.35
2025-08-25 05:00:00,dev-2,WNC DT-EXT03A-WNC,5.24
2025-08-25 05:00:00,dev-4,WNC DT-EXT01A-WNC (B),19.24
2025-08-25 06:00:00,dev-1,ARCADYAN SPEEDHOMEWLAN,13.15
2025-08-25 06:00:00,dev-2,WNC DT-EXT03A-WNC,8.19
2025-08-25 06:00:00,dev-4,WNC DT-EXT01A-WNC (B),24.24
2025-08-25 07:00:00,dev-1,ARCADYAN SPEEDHOMEWLAN,13.7
2025-08-25 07:00:00,dev-2,WNC DT-EXT03A-WNC,9.1
2025-08-25 07:00:00,dev-4,WNC DT-EXT01A-WNC (B),24.08
2025-08-25 08:00:00,dev-1,ARCADYAN SPEEDHOMEWLAN,13.0
2025-08-25 08:00:00,dev-2,WNC DT-EXT03A-WNC,10.44
2025-08-25 08:00:00,dev-4,WNC DT-EXT01A-WNC (B),25.0
2025-08-25 09:00:00,dev-1,ARCADYAN SPEEDHOMEWLAN,17.26
2025-08-25 09:00:00,dev-2,WNC DT-EXT03A-WNC,10.5
2025-08-25 09:00:00,dev-4,WNC DT-EXT01A-WNC (B),25.0
2025-08-25 10:00:00,dev-1,ARCADYAN SPEEDHOMEWLAN,20.15
2025-08-25 10:00:00,dev-2,WNC DT-EXT03A-WNC,14.63
2025-08-25 10:00:00,dev-4,WNC DT-EXT01A-WNC (B),25.0
2025-08-25 11:00:00,dev-1,ARCADYAN SPEEDHOMEWLAN,15.68
2025-08-25 11:00:00,dev-2,WNC DT-EXT03A-WNC,16.18
2025-08-25 11:00:00,dev-4,WNC DT-EXT01A-WNC (B),25.0
2025-08-25 12:00:00,dev-1,ARCADYAN SPEEDHOMEWLAN,19.28
2025-08-25 12:00:00,dev-2,WNC DT-EXT03A-WNC,14.73
2025-08-25 12:00:00,dev-4,WNC DT-EXT01A-WNC (B),25.0
2025-08-25 13:00:00,dev-1,ARCADYAN SPEEDHOMEWLAN,17.09
2025-08-25 13:00:00,dev-2,WNC DT-EXT03A-WNC,19.43
2025-08-25 13:00:00,dev-4,WNC DT-EXT01A-WNC (B),24.21
2025-08-25 14:00:00,dev-1,ARCADYAN SPEEDHOMEWLAN,16.71
2025-08-25 14:00:00,dev-2,WNC DT-EXT03A-WNC,22.62
2025-08-25 14:00:00,dev-4,WNC DT-EXT01A-WNC (B),23.7
2025-08-25 15:00:00,dev-1,ARCADYAN SPEEDHOMEWLAN,14.12
2025-08-25 15:00:00,dev-2,WNC DT-EXT03A-WNC,20.63
2025-08-25 15:00:00,dev-4,WNC DT-EXT01A-WNC (B),19.39
2025-08-25 16:00:00,dev-1,ARCADYAN SPEEDHOMEWLAN,13.85
2025-08-25 16:00:00,dev-2,WNC DT-EXT03A-WNC,20.31
2025-08-25 16:00:00,dev-4,WNC DT-EXT01A-WNC (B),21.84
2025-08-25 17:00:00,dev-1,ARCADYAN SPEEDHOMEWLAN,14.81
2025-08-25 17:00:00,dev-2,WNC DT-EXT03A-WNC,20.64
2025-08-25 17:00:00,dev-4,WNC DT-EXT01A-WNC (B),17.42
2025-08-25 18:00:00,dev-1,ARCADYAN SPEEDHOMEWLAN,12.18
2025-08-25 18:00:00,dev-2,WNC DT-EXT03A-WNC,21.41
2025-08-25 18:00:00,dev-4,WNC DT-EXT01A-WNC (B),16.39
2025-08-25 19:00:00,dev-1,ARCADYAN SPEEDHOMEWLAN,12.42
2025-08-25 19:00:00,dev-2,WNC DT-EXT03A-WNC,17.15
2025-08-25 19:00:00,dev-4,WNC DT-EXT01A-WNC (B),16.13
2025-08-25 20:00:00,dev-1,ARCADYAN SPEEDHOMEWLAN,10.26
2025-08-25 20:00:00,dev-2,WNC DT-EXT03A-WNC,18.92
2025-08-25 20:00:00,dev-4,WNC DT-EXT01A-WNC (B),13.08
2025-08-25 21:00:00,dev-1,ARCADYAN SPEEDHOMEWLAN,8.08
2025-08-25 21:00:00,dev-2,WNC DT-EXT03A-WNC,16.78
2025-08-25 21:00:00,dev-4,WNC DT-EXT01A-WNC (B),15.42
2025-08-25 22:00:00,dev-1,ARCADYAN SPEEDHOMEWLAN,9.29
2025-08-25 22:00:00,dev-2,WNC DT-EXT03A-WNC,18.67
2025-08-25 22:00:00,dev-4,WNC DT-EXT01A-WNC (B),16.58
2025-08-25 23:00:00,dev-1,ARCADYAN SPEEDHOMEWLAN,6.96
2025-08-25 23:00:00,dev-2,WNC DT-EXT03A-WNC,14.12
2025-08-25 23:00:00,dev-4,WNC DT-EXT01A-WNC (B),16.01
2025-08-26 00:00:00,dev-1,ARCADYAN SPEEDHOMEWLAN,7.58
2025-08-26 00:00:00,dev-2,WNC DT-EXT03A-WNC,15.43
2025-08-26 00:00:00,dev-4,WNC DT-EXT01A-WNC (B),14.01
2025-08-26 01:00:00,dev-1,ARCADYAN SPEEDHOMEWLAN,6.33
2025-08-26 01:00:00,dev-2,WNC DT-EXT03A-WNC,9.97
2025-08-26 01:00:00,dev-4,WNC DT-EXT01A-WNC (B),17.34
2025-08-26 02:00:00,dev-1,ARCADYAN SPEEDHOMEWLAN,7.68
2025-08-26 02:00:00,dev-2,WNC DT-EXT03A-WNC,11.47
2025-08-26 02:00:00,dev-4,WNC DT-EXT01A-WNC (B),20.0
2025-08-26 03:00:00,dev-1,ARCADYAN SPEEDHOMEWLAN,7.66
2025-08-26 03:00:00,dev-2,WNC DT-EXT03A-WNC,10.34
2025-08-26 03:00:00,dev-4,WNC DT-EXT01A-WNC (B),17.57
2025-08-26 04:00:00,dev-1,ARCADYAN SPEEDHOMEWLAN,11.55
2025-08-26 04:00:00,dev-2,WNC DT-EXT03A-WNC,8.22
2025-08-26 04:00:00,dev-4,WNC DT-EXT01A-WNC (B),20.31
2025-08-26 05:00:00,dev-1,ARCADYAN SPEEDHOMEWLAN,9.81
2025-08-26 05:00:00,dev-2,WNC DT-EXT03A-WNC,9.85
2025-08-26 05:00:00,dev-4,WNC DT-EXT01A-WNC (B),24.7
2025-08-26 06:00:00,dev-1,ARCADYAN SPEEDHOMEWLAN,14.31
2025-08-26 06:00:00,dev-2,WNC DT-EXT03A-WNC,11.87
2025-08-26 06:00:00,dev-4,WNC DT-EXT01A-WNC (B),25.0
2025-08-26 07:00:00,dev-1,ARCADYAN SPEEDHOMEWLAN,14.34
2025-08-26 07:00:00,dev-2,WNC DT-EXT03A-WNC,10.4
2025-08-26 07:00:00,dev-4,WNC DT-EXT01A-WNC (B),25.0
2025-08-26 08:00:00,dev-1,ARCADYAN SPEEDHOMEWLAN,17.7
2025-08-26 08:00:00,dev-2,WNC DT-EXT03A-WNC,9.51
2025-08-26 08:00:00,dev-4,WNC DT-EXT01A-WNC (B),25.0
2025-08-26 09:00:00,dev-1,ARCADYAN SPEEDHOMEWLAN,18.13
2025-08-26 09:00:00,dev-2,WNC DT-EXT03A-WNC,13.41
2025-08-26 09:00:00,dev-4,WNC DT-EXT01A-WNC (B),25.0
2025-08-26 10:00:00,dev-1,ARCADYAN SPEEDHOMEWLAN,20.47
2025-08-26 10:00:00,dev-2,WNC DT-EXT03A-WNC,13.63
2025-08-26 10:00:00,dev-4,WNC DT-EXT01A-WNC (B),25.0
2025-08-26 11:00:00,dev-1,ARCADYAN SPEEDHOMEWLAN,19.18
2025-08-26 11:00:00,dev-2,WNC DT-EXT03A-WNC,16.06
2025-08-26 11:00:00,dev-4,WNC DT-EXT01A-WNC (B),25.0
2025-08-26 12:00:00,dev-1,ARCADYAN SPEEDHOMEWLAN,15.67
2025-08-26 12:00:00,dev-2,WNC DT-EXT03A-WNC,17.98
2025-08-26 12:00:00,dev-4,WNC DT-EXT01A-WNC (B),24.86
2025-08-26 13:00:00,dev-1,ARCADYAN SPEEDHOMEWLAN,17.46
2025-08-26 13:00:00,dev-2,WNC DT-EXT03A-WNC,16.91
2025-08-26 13:00:00,dev-4,WNC DT-EXT01A-WNC (B),22.78
2025-08-26 14:00:00,dev-1,ARCADYAN SPEEDHOMEWLAN,14.96
2025-08-26 14:00:00,dev-2,WNC DT-EXT03A-WNC,18.15
2025-08-26 14:00:00,dev-4,WNC DT-EXT01A-WNC (B),23.18
2025-08-26 15:00:00,dev-1,ARCADYAN SPEEDHOMEWLAN,14.77
2025-08-26 15:00:00,dev-2,WNC DT-EXT03A-WNC,22.07
2025-08-26 15:00:00,dev-4,WNC DT-EXT01A-WNC (B),21.61
2025-08-26 16:00:00,dev-1,ARCADYAN SPEEDHOMEWLAN,16.41
2025-08-26 16:00:00,dev-2,WNC DT-EXT03A-WNC,20.95
2025-08-26 16:00:00,dev-4,WNC DT-EXT01A-WNC (B),18.54
2025-08-26 17:00:00,dev-1,ARCADYAN SPEEDHOMEWLAN,13.53
2025-08-26 17:00:00,dev-2,WNC DT-EXT03A-WNC,17.87
2025-08-26 17:00:00,dev-4,WNC DT-EXT01A-WNC (B),16.22
2025-08-26 18:00:00,dev-1,ARCADYAN SPEEDHOMEWLAN,9.92
2025-08-26 18:00:00,dev-2,WNC DT-EXT03A-WNC,22.47
2025-08-26 18:00:00,dev-4,WNC DT-EXT01A-WNC (B),19.85
2025-08-26 19:00:00,dev-1,ARCADYAN SPEEDHOMEWLAN,7.9
2025-08-26 19:00:00,dev-2,WNC DT-EXT03A-WNC,20.9
2025-08-26 19:00:00,dev-4,WNC DT-EXT01A-WNC (B),15.75
2025-08-26 20:00:00,dev-1,ARCADYAN SPEEDHOMEWLAN,8.08
2025-08-26 20:00:00,dev-2,WNC DT-EXT03A-WNC,18.29
2025-08-26 20:00:00,dev-4,WNC DT-EXT01A-WNC (B),13.37
2025-08-26 21:00:00,dev-1,ARCADYAN SPEEDHOMEWLAN,5.07
2025-08-26 21:00:00,dev-2,WNC DT-EXT03A-WNC,16.01
2025-08-26 21:00:00,dev-4,WNC DT-EXT01A-WNC (B),15.44
2025-08-26 22:00:00,dev-1,ARCADYAN SPEEDHOMEWLAN,5.08
2025-08-26 22:00:00,dev-2,WNC DT-EXT03A-WNC,17.72
2025-08-26 22:00:00,dev-4,WNC DT-EXT01A-WNC (B),13.9
2025-08-26 23:00:00,dev-1,ARCADYAN SPEEDHOMEWLAN,6.12
2025-08-26 23:00:00,dev-2,WNC DT-EXT03A-WNC,15.41
2025-08-26 23:00:00,dev-4,WNC DT-EXT01A-WNC (B),14.08
2025-08-13 00:00:00,dev-6,LENOVO,7.0
2025-08-13 01:00:00,dev-6,LENOVO,7.66
2025-08-13 02:00:00,dev-6,LENOVO,4.07
2025-08-13 03:00:00,dev-6,LENOVO,6.11
2025-08-13 04:00:00,dev-6,LENOVO,9.57
2025-08-13 05:00:00,dev-6,LENOVO,10.35
2025-08-13 06:00:00,dev-6,LENOVO,12.3
2025-08-13 07:00:00,dev-6,LENOVO,12.49
2025-08-13 08:00:00,dev-6,LENOVO,16.36
2025-08-13 09:00:00,dev-6,LENOVO,17.22
2025-08-13 10:00:00,dev-6,LENOVO,16.84
2025-08-13 11:00:00,dev-6,LENOVO,18.73
2025-08-13 12:00:00,dev-6,LENOVO,17.64
2025-08-13 13:00:00,dev-6,LENOVO,15.14
2025-08-13 14:00:00,dev-6,LENOVO,16.1
2025-08-13 15:00:00,dev-6,LENOVO,12.91
2025-08-13 16:00:00,dev-6,LENOVO,14.22
2025-08-13 17:00:00,dev-6,LENOVO,11.23
2025-08-13 18:00:00,dev-6,LENOVO,9.38
2025-08-13 19:00:00,dev-6,LENOVO,7.06
2025-08-13 20:00:00,dev-6,LENOVO,8.5
2025-08-13 21:00:00,dev-6,LENOVO,5.27
2025-08-13 22:00:00,dev-6,LENOVO,4.03
2025-08-13 23:00:00,dev-6,LENOVO,3.69
